id,name
19534,高级护符—阿尔法型
19535,高级护符—贝它型
19536,高级护符—伽玛型
19537,高级护符—德尔塔型
19538,高级护符—伊普西隆型
19539,高级护符—欧米伽型
19540,高级蝰蛇—阿尔法型
19551,高级蝰蛇—贝它型
19553,高级蝰蛇—伽玛型
19554,高级蝰蛇—德尔塔型
19555,高级蝰蛇—伊普西隆型
19556,高级蝰蛇—欧米伽型
20121,高级水晶—阿尔法型
20157,高级水晶—贝它型
20158,高级水晶—伽玛型
20159,高级水晶—德尔塔型
20160,高级水晶—伊普西隆型
20161,高级水晶—欧米伽型
20498,高级圣光—阿尔法型
20499,高级辟邪 - 阿尔法型
20500,高级圣光—贝它型
20501,高级辟邪 - 贝它型
20502,高级圣光—德尔塔型
20503,高级辟邪 - 德尔塔型
20504,高级圣光—伊普西隆型
20505,高级辟邪 - 伊普西隆型
20506,高级圣光—伽玛型
20507,高级辟邪 - 伽玛型
20508,高级圣光—欧米伽型
20509,高级辟邪 - 欧米伽型
22107,中级水晶—阿尔法型
22108,中级水晶—贝它型
22109,中级水晶—德尔塔型
22110,中级水晶—伊普西隆型
22111,中级水晶—伽玛型
22112,中级水晶—欧米伽型
22113,中级圣光—阿尔法型
22114,中级圣光—贝它型
22115,中级圣光—德尔塔型
22116,中级圣光—伊普西隆型
22117,中级圣光—伽玛型
22118,中级圣光—欧米伽型
22119,中级辟邪 - 阿尔法型
22120,中级辟邪 - 贝它型
22121,中级辟邪 - 德尔塔型
22122,中级辟邪 - 伊普西隆型
22123,中级辟邪 - 伽玛型
22124,中级辟邪 - 欧米伽型
22125,中级蝰蛇—阿尔法型
22126,中级蝰蛇—贝它型
22127,中级蝰蛇—德尔塔型
22128,中级蝰蛇—伊普西隆型
22129,中级蝰蛇—伽玛型
22130,中级蝰蛇—欧米伽型
22131,中级护符—阿尔法型
22133,中级护符—贝它型
22134,中级护符—德尔塔型
22135,中级护符—伊普西隆型
22136,中级护符—伽玛型
22137,中级护符—欧米伽型
24343,极光阿尔法
24344,极光德尔塔
24345,极光欧米伽
24346,极光伊普西隆
24347,极光贝它
24485,极光伽玛
28790,中级百夫长—阿尔法型
28791,中级百夫长—贝它型
28792,中级百夫长—德尔塔型
28793,中级百夫长—伊普西隆型
28794,中级百夫长—伽玛型
28795,中级百夫长—欧米伽型
28796,中级游牧者—阿尔法型
28797,中级游牧者—贝它型
28798,中级游牧者—德尔塔型
28799,中级游牧者—伊普西隆型
28800,中级游牧者—伽玛型
28801,中级游牧者—欧米伽型
28802,中级采集—阿尔法型
28803,中级采集—贝它型
28804,中级采集—德尔塔型
28805,中级采集—伊普西隆型
28806,中级采集—伽玛型
28807,中级采集—欧米伽型
28808,中级美德—阿尔法型
28809,中级美德—贝它型
28810,中级美德—德尔塔型
28811,中级美德—伊普西隆型
28812,中级美德—伽玛型
28813,中级美德—欧米伽型
28814,中级强势—阿尔法型
28815,中级强势—贝它型
28816,中级强势—德尔塔型
28817,中级强势—伊普西隆型
28818,中级强势—伽玛型
28819,中级强势—欧米伽型
31954,高级圣杯—阿尔法型
31955,高级圣杯—贝它型
31956,高级圣杯—德尔塔型
31957,高级圣杯—伊普西隆型
31958,高级圣杯—伽玛型
31959,高级圣杯—欧米伽型
31962,高级魔爪—阿尔法型
31963,高级魔爪—贝它型
31964,高级魔爪—德尔塔型
31965,高级魔爪—伊普西隆型
31966,高级魔爪—伽玛型
31967,高级魔爪—欧米伽型
31968,高级马刺—阿尔法型
31969,高级马刺—贝它型
31970,高级马刺—德尔塔型
31971,高级马刺—伊普西隆型
31972,高级马刺—伽玛型
31973,高级马刺—欧米伽型
31974,高级豺狼—阿尔法型
31975,高级豺狼—贝它型
31976,高级豺狼—德尔塔型
31977,高级豺狼—伊普西隆型
31978,高级豺狼—伽玛型
31979,高级豺狼—欧米伽型
32101,低级圣杯-阿尔法型
32102,低级圣杯-贝它型
32103,低级圣杯-德尔塔型
32104,低级圣杯-伊普西隆型
32105,低级圣杯-伽玛型
32107,低级马刺-阿尔法型
32108,低级马刺-贝它型
32109,低级马刺-德尔塔型
32110,低级马刺-伊普西隆型
32111,低级马刺-伽玛型
32112,低级魔爪-阿尔法型
32113,低级魔爪-贝它型
32114,低级魔爪-德尔塔型
32115,低级魔爪-伊普西隆型
32116,低级魔爪-伽玛型
32117,低级豺狼-阿尔法型
32118,低级豺狼-贝它型
32119,低级豺狼-德尔塔型
32120,低级豺狼-伊普西隆型
32121,低级豺狼-伽玛型
32122,低级圣杯-欧米伽型
32123,低级豺狼-欧米伽型
32124,低级马刺-欧米伽型
32125,低级魔爪-欧米伽型
33068,QA空间锚植入体
33516,高级统御—阿尔法型
33525,高级统御—贝它型
33526,高级统御—德尔塔型
33527,高级统御—伊普西隆型
33528,高级统御—伽玛型
33529,高级统御—欧米伽型
33555,中级统御—阿尔法型
33557,中级统御—贝它型
33559,中级统御—德尔塔型
33561,中级统御—伊普西隆型
33563,中级统御—伽玛型
33565,中级统御—欧米伽型
33917,低级百夫长—阿尔法型
33918,低级百夫长—贝它型
33919,低级百夫长—德尔塔型
33920,低级百夫长—伊普西隆型
33921,低级百夫长—伽玛型
33922,低级百夫长—欧米伽型
33923,低级水晶—阿尔法型
33924,低级水晶—贝它型
33925,低级水晶—德尔塔型
33926,低级水晶—伊普西隆型
33927,低级水晶—伽玛型
33928,低级水晶—欧米伽型
33929,低级强势–阿尔法型
33930,低级强势–贝它型
33931,低级强势–德尔塔型
33932,低级强势–伊普西隆型
33933,低级强势–伽玛型
33934,低级强势– 欧米伽型
33935,低级圣光—阿尔法型
33936,低级圣光—贝它型
33937,低级圣光—德尔塔型
33938,低级圣光—伊普西隆型
33939,低级圣光—伽玛型
33940,低级圣光—欧米伽型
33941,低级采集—阿尔法型
33942,低级采集—贝它型
33943,低级采集—德尔塔型
33944,低级采集—伊普西隆型
33945,低级采集—伽玛型
33946,低级采集—欧米伽型
33947,低级游牧者—阿尔法型
33948,低级游牧者—贝它型
33949,低级游牧者—德尔塔型
33950,低级游牧者—伊普西隆型
33951,低级游牧者—伽玛型
33952,低级游牧者—欧米伽型
33953,低级辟邪 - 阿尔法型
33954,低级辟邪 - 贝它型
33955,低级辟邪 - 德尔塔型
33956,低级辟邪 - 伊普西隆型
33957,低级辟邪 - 伽玛型
33958,低级辟邪 - 欧米伽型
33959,低级蝰蛇—阿尔法型
33960,低级蝰蛇—贝它型
33961,低级蝰蛇—德尔塔型
33962,低级蝰蛇—伊普西隆型
33963,低级蝰蛇—伽玛型
33964,低级蝰蛇—欧米伽型
33965,低级护符—阿尔法型
33966,低级护符—贝它型
33967,低级护符—德尔塔型
33968,低级护符—伊普西隆型
33969,低级护符—伽玛型
33970,低级护符—欧米伽型
33971,低级美德—阿尔法型
33972,低级美德—贝它型
33973,低级美德—德尔塔型
33974,低级美德—伊普西隆型
33975,低级美德—伽玛型
33976,低级美德—欧米伽型
42145,低级阿斯克雷—阿尔法型
42146,低级阿斯克雷—贝它型
42200,低级阿斯克雷—德尔塔型
42201,低级阿斯克雷—伊普西隆型
42202,低级阿斯克雷—伽玛型
42203,低级阿斯克雷—欧米伽型
42204,中级阿斯克雷—阿尔法型
42205,中级阿斯克雷—贝它型
42206,中级阿斯克雷—伽玛型
42207,中级阿斯克雷—德尔塔型
42208,中级阿斯克雷—伊普西隆型
42209,中级阿斯克雷—欧米伽型
42210,高级阿斯克雷—阿尔法型
42211,高级阿斯克雷—贝它型
42212,高级阿斯克雷—伽玛型
42213,高级阿斯克雷—德尔塔型
42214,高级阿斯克雷—伊普西隆型
42215,高级阿斯克雷—欧米伽型
52674,低级仿生- 阿尔法型
52679,低级仿生- 贝它型
52680,低级仿生 - 伽玛型
52681,低级仿生- 德尔塔型
52682,低级仿生- 伊普西隆型
52683,低级仿生 - 欧米伽型
52785,中级仿生- 阿尔法型
52786,中级仿生- 贝它型
52787,中级仿生 - 伽玛型
52788,中级仿生- 德尔塔型
52789,中级仿生- 伊普西隆型
52790,中级仿生 - 欧米伽型
52917,高级仿生- 阿尔法型
52918,高级仿生- 贝它型
52919,高级仿生- 德尔塔型
52920,高级仿生- 伊普西隆型
52921,高级仿生 - 伽玛型
52922,高级仿生 - 欧米伽型
53704,中级极乐 - 阿尔法型
53705,中级极乐 - 贝它型
53706,中级极乐 - 德尔塔型
53707,中级极乐 - 伊普西隆型
53708,中级极乐 - 伽玛型
53709,中级极乐 - 欧米伽型
53710,高级极乐 - 阿尔法型
53711,高级极乐 - 贝它型
53712,高级极乐 - 德尔塔型
53713,高级极乐 - 伊普西隆型
53714,高级极乐 - 欧米伽型
53715,高级极乐 - 伽玛型
53839,低级极乐 - 欧米伽型
53853,低级极乐 - 阿尔法型
53854,低级极乐 - 贝它型
53855,低级极乐 - 伽玛型
53856,低级极乐 - 德尔塔型
53857,低级极乐—伊普西隆型
53890,高级救世 - 阿尔法型
53891,高级救世 - 贝它型
53892,高级救世 - 伽玛型
53893,高级救世 - 德尔塔型
53894,高级救世 - 伊普西隆型
53895,高级救世 - 欧米伽型
53896,中级救世 - 阿尔法型
53897,中级救世 - 贝它型
53898,中级救世 - 伽玛型
53899,中级救世 - 德尔塔型
53900,中级救世 - 伊普西隆型
53901,中级救世 - 欧米伽型
53902,低级救世 - 阿尔法型
53903,低级救世 - 贝它型
53904,低级救世 - 伽玛型
53905,低级救世 - 德尔塔型
53906,低级救世 - 伊普西隆型
53907,低级救世 - 欧米伽型
54392,高级九头蛇 - 阿尔法型
54393,高级九头蛇 - 贝它型
54394,高级九头蛇 - 伽玛型
54395,高级九头蛇 - 德尔塔型
54396,高级九头蛇 - 伊普西隆型
54397,高级九头蛇 - 欧米伽型
54398,中级九头蛇 - 阿尔法型
54399,中级九头蛇 - 贝它型
54400,中级九头蛇 - 伽玛型
54401,中级九头蛇 - 德尔塔型
54402,中级九头蛇 - 伊普西隆型
54403,中级九头蛇 - 欧米伽型
54404,低级九头蛇 - 阿尔法型
54405,低级九头蛇 - 贝它型
54406,低级九头蛇 - 伽玛型
54407,低级九头蛇 - 德尔塔型
54408,低级九头蛇 - 伊普西隆型
54409,低级九头蛇 - 欧米伽型
57110,低级销魂 - 阿尔法型
57111,低级销魂 - 贝它型
57112,低级销魂 - 伽玛型
57113,低级销魂 - 德尔塔型
57114,低级销魂 - 伊普西隆型
57116,低级销魂 - 欧米伽型
57117,中级销魂 - 阿尔法型
57118,中级销魂 - 贝它型
57119,中级销魂 - 伽玛型
57120,中级销魂 - 德尔塔型
57121,中级销魂 - 伊普西隆型
57122,中级销魂 - 欧米伽型
57123,高级销魂 - 阿尔法型
57124,高级销魂 - 贝它型
57125,高级销魂 - 伽玛型
57126,高级销魂 - 德尔塔型
57127,高级销魂 - 伊普西隆型
57128,高级销魂 - 欧米伽型
88119,低级分裂阿尔法型
88120,低级分裂贝它型
88121,低级分裂伽玛型
88122,低级分裂德尔塔型
88123,低级分裂伊普西隆型
88124,低级分裂欧米伽型
88125,中级分裂阿尔法型
88126,中级分裂贝它型
88127,中级分裂伽玛型
88128,中级分裂德尔塔型
88129,中级分裂伊普西隆型
88130,中级分裂欧米伽型